sensor_name,statistics_type,description,unit,is_angle,is_counter,is_angle_bool,is_counter_bool,farm
sensor_0,average,Ambient temperature,�C,False,False,False,False,Wind Farm A
sensor_1,average,Wind absolute direction,�,True,False,True,False,Wind Farm A
sensor_2,average,Wind relative direction,�,True,False,True,False,Wind Farm A
wind_speed_3,"maximum,minimum,average,std_dev",Windspeed,m/s,False,False,False,False,Wind Farm A
wind_speed_4,average,Estimated windspeed,m/s,False,False,False,False,Wind Farm A
sensor_5,"maximum,minimum,std_dev,average",Pitch angle,�,True,False,True,False,Wind Farm A
sensor_6,average,Temperature in the hub controller,�C,False,False,False,False,Wind Farm A
sensor_7,average,Temperature in the top nacelle controller,�C,False,False,False,False,Wind Farm A
sensor_8,average,Temperature in the choke coils on the VCS-section,�C,False,False,False,False,Wind Farm A
sensor_9,average,Temperature on the VCP-board,�C,False,False,False,False,Wind Farm A
sensor_10,average,Temperature in the VCS cooling water,�C,False,False,False,False,Wind Farm A
sensor_11,average,Temperature in gearbox bearing on high speed shaft,�C,False,False,False,False,Wind Farm A
sensor_12,average,Temperature oil in gearbox,�C,False,False,False,False,Wind Farm A
sensor_13,average,Temperature in generator bearing 2 (Drive End),�C,False,False,False,False,Wind Farm A
sensor_14,average,Temperature in generator bearing 1 (Non-Drive End),�C,False,False,False,False,Wind Farm A
sensor_15,average,Temperature inside generator in stator windings phase 1,�C,False,False,False,False,Wind Farm A
sensor_16,average,Temperature inside generator in stator windings phase 2,�C,False,False,False,False,Wind Farm A
sensor_17,average,Temperature inside generator in stator windings phase 3,�C,False,False,False,False,Wind Farm A
sensor_18,"maximum,minimum,average,std_dev",Generator rpm in latest period,rpm,False,False,False,False,Wind Farm A
sensor_19,average,Temperature in the split ring chamber,�C,False,False,False,False,Wind Farm A
sensor_20,average,Temperature in the busbar section,�C,False,False,False,False,Wind Farm A
sensor_21,average,Temperature measured by the IGBT-driver on the grid side inverter,�C,False,False,False,False,Wind Farm A
sensor_22,average,Actual phase displacement,,False,False,False,False,Wind Farm A
sensor_23,average,Averaged current in phase 1,A,False,False,False,False,Wind Farm A
sensor_24,average,Averaged current in phase 2,A,False,False,False,False,Wind Farm A
sensor_25,average,Averaged current in phase 3,A,False,False,False,False,Wind Farm A
sensor_26,average,Grid frequency,Hz,False,False,False,False,Wind Farm A
reactive_power_27,"average,maximum,minimum,std_dev",Possible grid capacitive reactive power,kVAr,False,False,False,False,Wind Farm A
reactive_power_28,"average,maximum,minimum,std_dev",Possible grid inductive reactive power,kVAr,False,False,False,False,Wind Farm A
power_29,"maximum,std_dev,average,minimum",Possible grid active power,kW,False,False,False,False,Wind Farm A
power_30,"maximum,std_dev,minimum,average",Grid power,kW,False,False,False,False,Wind Farm A
sensor_31,"average,maximum,minimum,std_dev",Grid reactive power,kVAr,False,False,False,False,Wind Farm A
sensor_32,average,Averaged voltage in phase 1,V,False,False,False,False,Wind Farm A
sensor_33,average,Averaged voltage in phase 2,V,False,False,False,False,Wind Farm A
sensor_34,average,Averaged voltage in phase 3,V,False,False,False,False,Wind Farm A
sensor_35,average,Temperature measured by the IGBT-driver on the rotor side inverter phase1,�C,False,False,False,False,Wind Farm A
sensor_36,average,Temperature measured by the IGBT-driver on the rotor side inverter phase2,�C,False,False,False,False,Wind Farm A
sensor_37,average,Temperature measured by the IGBT-driver on the rotor side inverter phase3,�C,False,False,False,False,Wind Farm A
sensor_38,average,Temperature in HV transformer phase L1,�C,False,False,False,False,Wind Farm A
sensor_39,average,Temperature in HV transformer phase L2,�C,False,False,False,False,Wind Farm A
sensor_40,average,Temperature in HV transformer phase L3,�C,False,False,False,False,Wind Farm A
sensor_41,average,Temperature oil in hydraulic group,�C,False,False,False,False,Wind Farm A
sensor_42,average,Nacelle direction,�,True,False,True,False,Wind Farm A
sensor_43,average,Nacelle temperature,�C,False,False,False,False,Wind Farm A
sensor_44,average,Active power - generator disconnected,Wh,False,False,False,False,Wind Farm A
sensor_45,average,Active power - generator connected in delta,Wh,False,False,False,False,Wind Farm A
sensor_46,average,Active power - generator connected in star,Wh,False,False,False,False,Wind Farm A
sensor_47,average,Reactive power - generator disconnected,VArh,False,False,False,False,Wind Farm A
sensor_48,average,Reactive power - generator connected in delta,VArh,False,False,False,False,Wind Farm A
sensor_49,average,Reactive power - generator connected in star,VArh,False,False,False,False,Wind Farm A
sensor_50,average,Total active power,Wh,False,False,False,False,Wind Farm A
sensor_51,average,Total reactive power,VArh,False,False,False,False,Wind Farm A
sensor_52,"minimum,average,std_dev,maximum",Rotor rpm,rpm,False,False,False,False,Wind Farm A
sensor_53,average,Temperature in the nose cone,�C,False,False,False,False,Wind Farm A
sensor_0,"maximum,minimum,average,std_dev",Total negative reactive power,kvarh,False,True,False,True,Wind Farm B
sensor_1,"maximum,std_dev,average,minimum",Total negative active power,kWh,False,True,False,True,Wind Farm B
sensor_2,"average,minimum,maximum,std_dev",Total positive reactive power,kvarh,False,True,False,True,Wind Farm B
sensor_3,"maximum,std_dev,minimum,average",Total positive active power,kWh,False,True,False,True,Wind Farm B
sensor_4,"average,maximum,minimum,std_dev",Absolute wind direction,�,True,False,True,False,Wind Farm B
sensor_5,"average,maximum,std_dev,minimum",Torque delta calculated,kNm,False,False,False,False,Wind Farm B
sensor_6,"average,minimum,std_dev,maximum",Wind speed anemometer 2 calculated,m/s,False,False,False,False,Wind Farm B
sensor_7,"std_dev,maximum,minimum,average",Cable load,%,False,False,False,False,Wind Farm B
sensor_8,"maximum,average,minimum,std_dev",Outside temperature,�C,False,False,False,False,Wind Farm B
sensor_9,"average,minimum,maximum,std_dev",Estimated tower natural frequency,mHz,False,False,False,False,Wind Farm B
sensor_10,"maximum,std_dev,average,minimum",Pitch angle,�,True,False,True,False,Wind Farm B
reactive_power_11,"average,std_dev,maximum,minimum",Reactive power,kvar,False,False,False,False,Wind Farm B
sensor_12,"average,maximum,std_dev,minimum",Torque estimated,Nm,False,False,False,False,Wind Farm B
sensor_13,"std_dev,average,maximum,minimum",RMS voltage L1,V,False,False,False,False,Wind Farm B
sensor_14,"maximum,std_dev,average,minimum",RMS voltage L2,V,False,False,False,False,Wind Farm B
sensor_15,"average,std_dev,maximum,minimum",RMS voltage L3,V,False,False,False,False,Wind Farm B
sensor_16,"maximum,minimum,average,std_dev",RMS current L1,A,False,False,False,False,Wind Farm B
sensor_17,"average,maximum,minimum,std_dev",RMS current L2,A,False,False,False,False,Wind Farm B
sensor_18,"average,minimum,std_dev,maximum",RMS current L3,A,False,False,False,False,Wind Farm B
sensor_19,"maximum,minimum,average,std_dev",Generator converter rotational peed,rpm,False,False,False,False,Wind Farm B
sensor_20,"std_dev,maximum,minimum,average",Gearbox rotational speed,rpm,False,False,False,False,Wind Farm B
sensor_21,"minimum,maximum,std_dev,average",Nacelle direction,�,True,False,True,False,Wind Farm B
sensor_22,"std_dev,maximum,minimum,average",Hub temperature,�C,False,False,False,False,Wind Farm B
sensor_23,"minimum,average,maximum,std_dev",Grid frequency,Hz,False,False,False,False,Wind Farm B
sensor_24,"average,maximum,minimum,std_dev",Grid voltage,V,False,False,False,False,Wind Farm B
sensor_25,"average,maximum,minimum,std_dev",Rotor speed,rpm,False,False,False,False,Wind Farm B
sensor_26,"minimum,std_dev,average,maximum",Apparent power,kVA,False,False,False,False,Wind Farm B
sensor_27,"maximum,minimum,std_dev,average",Current,A,False,False,False,False,Wind Farm B
sensor_28,"std_dev,minimum,average,maximum",Motor current axis 1,A,False,False,False,False,Wind Farm B
sensor_29,"average,minimum,std_dev,maximum",Motor current axis 2,A,False,False,False,False,Wind Farm B
sensor_30,"maximum,std_dev,minimum,average",Motor current axis 3,A,False,False,False,False,Wind Farm B
sensor_31,"average,minimum,std_dev,maximum",Temperature internal consumption transformer,�C,False,False,False,False,Wind Farm B
sensor_32,"average,maximum,minimum,std_dev",Generator bearing temperature 1,�C,False,False,False,False,Wind Farm B
sensor_33,"average,maximum,minimum,std_dev",Generator bearing temperature 2,�C,False,False,False,False,Wind Farm B
sensor_34,"average,maximum,std_dev,minimum",Gearbox bearing temperature 1,�C,False,False,False,False,Wind Farm B
sensor_35,"minimum,std_dev,average,maximum",Gearbox bearing temperature 2,�C,False,False,False,False,Wind Farm B
sensor_36,"minimum,std_dev,maximum,average",Gearbox bearing temperature 3,�C,False,False,False,False,Wind Farm B
sensor_37,"minimum,maximum,std_dev,average",Gearbox bearing temperature 4,�C,False,False,False,False,Wind Farm B
sensor_38,"maximum,minimum,std_dev,average",Gearbox oil inlet temperature,�C,False,False,False,False,Wind Farm B
sensor_39,"average,maximum,minimum,std_dev",Gearbox oil tank temperature,�C,False,False,False,False,Wind Farm B
sensor_40,"minimum,std_dev,average,maximum",Transformator core temperature,�C,False,False,False,False,Wind Farm B
sensor_41,"average,std_dev,maximum,minimum",Transformer L1 (mid-voltage) temperature ,�C,False,False,False,False,Wind Farm B
sensor_42,"maximum,minimum,std_dev,average",Transformer L1 (undervoltage) temperature ,�C,False,False,False,False,Wind Farm B
sensor_43,"maximum,average,minimum,std_dev",Transformer L2 (mid-voltage) temperature ,�C,False,False,False,False,Wind Farm B
sensor_44,"maximum,average,minimum,std_dev",Transformer L2 (undervoltage) temperature ,�C,False,False,False,False,Wind Farm B
sensor_45,"average,maximum,minimum,std_dev",Transformer L3 (mid-voltage) temperature ,�C,False,False,False,False,Wind Farm B
sensor_46,"std_dev,average,maximum,minimum",Transformer L3 (undervoltage) temperature ,�C,False,False,False,False,Wind Farm B
sensor_47,"maximum,minimum,std_dev,average",Transformer cell temperature,�C,False,False,False,False,Wind Farm B
sensor_48,"maximum,std_dev,average,minimum",Motor temperature axis 1,�C,False,False,False,False,Wind Farm B
sensor_49,"average,minimum,maximum,std_dev",Motor temperature axis 2,�C,False,False,False,False,Wind Farm B
sensor_50,"std_dev,maximum,minimum,average",Motor temperature axis 3,�C,False,False,False,False,Wind Farm B
sensor_51,"average,std_dev,maximum,minimum",Rotor bearing temperature 1,�C,False,False,False,False,Wind Farm B
sensor_52,"maximum,minimum,std_dev,average",Rotor bearing temperature 2,�C,False,False,False,False,Wind Farm B
sensor_53,"maximum,minimum,average,std_dev",Slip ring temperature Generator,�C,False,False,False,False,Wind Farm B
sensor_54,"maximum,minimum,std_dev,average",Drive train vibration axis Z,mG,False,False,False,False,Wind Farm B
sensor_55,"average,maximum,minimum,std_dev",Tower vibration axis X,mG,False,False,False,False,Wind Farm B
sensor_56,"maximum,minimum,average,std_dev",Tower vibration axis Y,mG,False,False,False,False,Wind Farm B
sensor_57,"average,std_dev,maximum,minimum",Inverter torque,Nm,False,False,False,False,Wind Farm B
power_58,"maximum,minimum,average,std_dev",Available power,kW,False,False,False,False,Wind Farm B
wind_speed_59,"average,maximum,minimum,std_dev",Wind speed 1,m/s,False,False,False,False,Wind Farm B
wind_speed_60,"average,minimum,maximum,std_dev",Wind speed 2,m/s,False,False,False,False,Wind Farm B
wind_speed_61,"minimum,average,maximum,std_dev",Wind speed,m/s,False,False,False,False,Wind Farm B
power_62,"minimum,std_dev,maximum,average",Active power,kW,False,False,False,False,Wind Farm B
sensor_0,"maximum,minimum,std_dev,average","ABB-LS Input K1, IL1",A,False,False,False,False,Wind Farm C
sensor_1,"maximum,minimum,std_dev,average",Generator acceleration,rpm/s,False,False,False,False,Wind Farm C
power_2,"average,maximum,std_dev,minimum",ABB-LS Active Power,kW,False,False,False,False,Wind Farm C
sensor_3,"average,maximum,minimum,std_dev",Active power aeration motor A,%,False,False,False,False,Wind Farm C
sensor_4,"average,maximum,minimum,std_dev",Active power aeration motor B,%,False,False,False,False,Wind Farm C
power_5,"average,maximum,minimum,std_dev",Active power grid side converter,kW,False,False,False,False,Wind Farm C
power_6,"average,maximum,minimum,std_dev",Active power HV grid,kW,False,False,False,False,Wind Farm C
sensor_7,"average,maximum,minimum,std_dev",Ambient temperature,Celsius,False,False,False,False,Wind Farm C
sensor_8,"average,maximum,minimum,std_dev",Generator angle speed,rad/s,False,False,False,False,Wind Farm C
sensor_9,"average,maximum,minimum,std_dev",Battery charge 1,A,False,False,False,False,Wind Farm C
sensor_10,"average,maximum,minimum,std_dev",Battery charge 2,A,False,False,False,False,Wind Farm C
sensor_11,"average,maximum,minimum,std_dev",Battery charge 3,A,False,False,False,False,Wind Farm C
sensor_12,"average,maximum,minimum,std_dev",Battery discharge current axis 1,A,False,False,False,False,Wind Farm C
sensor_13,"average,maximum,minimum,std_dev",Battery discharge current axis 2,A,False,False,False,False,Wind Farm C
sensor_14,"average,minimum,std_dev,maximum",Battery discharge current axis 3,A,False,False,False,False,Wind Farm C
sensor_15,"average,maximum,minimum,std_dev",Board temperature,Celsius,False,False,False,False,Wind Farm C
sensor_16,"average,maximum,minimum,std_dev",Compensation angle I/U converter,deg,True,False,True,False,Wind Farm C
power_17,"average,minimum,std_dev,maximum",Active power converter,kW,False,False,False,False,Wind Farm C
sensor_18,"average,maximum,minimum,std_dev",Generator cooling air temperature A,Celsius,False,False,False,False,Wind Farm C
sensor_19,"average,maximum,minimum,std_dev",Generator cooling air temperature B,Celsius,False,False,False,False,Wind Farm C
sensor_20,"average,maximum,minimum,std_dev",Generator cooling air temperature C,Celsius,False,False,False,False,Wind Farm C
sensor_21,"average,maximum,std_dev,minimum",Generator cooling air temperature D,Celsius,False,False,False,False,Wind Farm C
sensor_22,"average,maximum,minimum,std_dev",Current hydraulic tank heating,A,False,False,False,False,Wind Farm C
sensor_23,"average,maximum,minimum,std_dev",Current water cooler pump 1,A,False,False,False,False,Wind Farm C
sensor_24,"average,maximum,minimum,std_dev",Current water cooler pump 2,A,False,False,False,False,Wind Farm C
sensor_25,"average,maximum,minimum,std_dev",Current drain 24V nacelle,A,False,False,False,False,Wind Farm C
sensor_26,"std_dev,minimum,average,maximum",Current drain pitch L1,A,False,False,False,False,Wind Farm C
sensor_27,"average,std_dev,maximum,minimum",Current yaw motor A,A,False,False,False,False,Wind Farm C
sensor_28,"average,maximum,minimum,std_dev",Current yaw motor B,A,False,False,False,False,Wind Farm C
sensor_29,"average,maximum,minimum,std_dev",Current yaw motor C,A,False,False,False,False,Wind Farm C
sensor_30,"average,maximum,std_dev,minimum",Current yaw motor D,A,False,False,False,False,Wind Farm C
sensor_31,"average,maximum,minimum,std_dev",Current yaw motor E,A,False,False,False,False,Wind Farm C
sensor_32,"average,maximum,minimum,std_dev",Current yaw motor F,A,False,False,False,False,Wind Farm C
sensor_33,"average,maximum,minimum,std_dev",Current yaw motor G,A,False,False,False,False,Wind Farm C
sensor_34,"average,minimum,std_dev,maximum",Current yaw motor H,A,False,False,False,False,Wind Farm C
sensor_35,"maximum,std_dev,average,minimum",DC link voltage converter,V,False,False,False,False,Wind Farm C
sensor_36,"average,minimum,std_dev,maximum",Direct current link volt axis 1,V,False,False,False,False,Wind Farm C
sensor_37,"average,minimum,std_dev,maximum",Direct current link volt axis 2,V,False,False,False,False,Wind Farm C
sensor_38,"average,maximum,minimum,std_dev",Direct current link volt axis 3,V,False,False,False,False,Wind Farm C
sensor_39,"average,maximum,minimum,std_dev",Electrical cabinet ambient temperature,Celsius,False,False,False,False,Wind Farm C
sensor_40,"average,maximum,minimum,std_dev",Nacelle external air pressure,hPa,False,False,False,False,Wind Farm C
sensor_41,"average,maximum,minimum,std_dev",Nacelle outside temperature,Celsius,False,False,False,False,Wind Farm C
sensor_42,"average,maximum,minimum,std_dev",Rotor bearing flow rate,L/min,False,False,False,False,Wind Farm C
sensor_43,"average,maximum,minimum,std_dev",Flow meter stator cooler,l/h,False,False,False,False,Wind Farm C
sensor_44,"average,maximum,minimum,std_dev",Fluid level oil container A1,%,False,False,False,False,Wind Farm C
sensor_45,"maximum,minimum,std_dev,average",Fluid level oil container A2,%,False,False,False,False,Wind Farm C
sensor_46,"average,maximum,minimum,std_dev",Water temperature flow TT1,Celsius,False,False,False,False,Wind Farm C
sensor_47,"average,maximum,minimum,std_dev",Mains frequency OS-side,Hz,False,False,False,False,Wind Farm C
sensor_48,"average,maximum,minimum,std_dev",Hydraulic pressure Aggregate System pressure,bar,False,False,False,False,Wind Farm C
sensor_49,"average,minimum,maximum,std_dev",Hydraulic pressure azimuth circuit A,bar,False,False,False,False,Wind Farm C
sensor_50,"average,minimum,std_dev,maximum",Hydraulic pressure azimuth circuit B,bar,False,False,False,False,Wind Farm C
sensor_51,"average,maximum,minimum,std_dev",Hydraulic pressure azimuth memory A,bar,False,False,False,False,Wind Farm C
sensor_52,"maximum,minimum,std_dev,average",Hydraulic pressure azimuth memory B,bar,False,False,False,False,Wind Farm C
sensor_53,"average,minimum,std_dev,maximum",Hydraulic pressure locking memory ,bar,False,False,False,False,Wind Farm C
sensor_54,"average,maximum,minimum,std_dev",Hydraulic pressure rotor brake B,bar,False,False,False,False,Wind Farm C
sensor_55,"average,maximum,minimum,std_dev",Hydraulic pressure rotor brake A,bar,False,False,False,False,Wind Farm C
sensor_56,"average,maximum,minimum,std_dev","ABB-LS Input K1, IL2",A,False,False,False,False,Wind Farm C
sensor_57,"average,maximum,minimum,std_dev","ABB-LS Input K1, IL3",A,False,False,False,False,Wind Farm C
sensor_58,"average,maximum,minimum,std_dev","ABB-LS Input K4, UL1",V,False,False,False,False,Wind Farm C
sensor_59,"average,maximum,minimum,std_dev","ABB-LS Input K4, UL2",V,False,False,False,False,Wind Farm C
sensor_60,"average,maximum,minimum,std_dev","ABB-LS Input K4, UL3",V,False,False,False,False,Wind Farm C
sensor_61,"average,maximum,std_dev,minimum",Nacelle air pressure,hPa,False,False,False,False,Wind Farm C
sensor_62,"maximum,std_dev,average,minimum",Temperature Axis 1,Celsius,False,False,False,False,Wind Farm C
sensor_63,"average,maximum,std_dev,minimum",Temperature Axis 2,Celsius,False,False,False,False,Wind Farm C
sensor_64,"maximum,std_dev,minimum,average",Temperature Axis 3,Celsius,False,False,False,False,Wind Farm C
sensor_65,"maximum,std_dev,minimum,average",Hub temperature,Celsius,False,False,False,False,Wind Farm C
sensor_66,"average,maximum,std_dev,minimum",Internal consumption current L1,A,False,False,False,False,Wind Farm C
sensor_67,"average,maximum,minimum,std_dev",Internal consumption current L2,A,False,False,False,False,Wind Farm C
sensor_68,"average,maximum,std_dev,minimum",Internal consumption current L3,A,False,False,False,False,Wind Farm C
sensor_69,"average,maximum,minimum,std_dev",Internal consumption power L2,kW,False,False,False,False,Wind Farm C
sensor_70,"average,maximum,std_dev,minimum",Internal consumption power L3,kW,False,False,False,False,Wind Farm C
sensor_71,"average,maximum,std_dev,minimum",Internal consumption voltage L1,V,False,False,False,False,Wind Farm C
sensor_72,"average,maximum,std_dev,minimum",Internal consumption voltage L2,V,False,False,False,False,Wind Farm C
sensor_73,"average,maximum,std_dev,minimum",Internal consumption voltage L3,V,False,False,False,False,Wind Farm C
sensor_74,"average,maximum,std_dev,minimum",Hydraulic oil tank level,L,False,False,False,False,Wind Farm C
sensor_75,"average,maximum,std_dev,minimum",Maximum reactive power HV converter,kvar,False,False,False,False,Wind Farm C
sensor_76,"average,maximum,std_dev,minimum",Min pitch angle,deg,True,False,True,False,Wind Farm C
sensor_77,"average,maximum,std_dev,minimum",Motor current generator cooler 1,A,False,False,False,False,Wind Farm C
sensor_78,"average,maximum,minimum,std_dev",Motor current generator cooler 2,A,False,False,False,False,Wind Farm C
sensor_79,"average,maximum,minimum,std_dev",Motor current generator cooler 3,A,False,False,False,False,Wind Farm C
sensor_80,"average,maximum,minimum,std_dev",Motor current generator cooler 4,A,False,False,False,False,Wind Farm C
sensor_81,"average,maximum,minimum,std_dev",Motor current hydraulic pump A,A,False,False,False,False,Wind Farm C
sensor_82,"average,maximum,minimum,std_dev",Motor current hydraulic pump B,A,False,False,False,False,Wind Farm C
sensor_83,"average,maximum,minimum,std_dev",Motor current water cooler fan 1,A,False,False,False,False,Wind Farm C
sensor_84,"average,maximum,minimum,std_dev",Motor current water cooler fan 2,A,False,False,False,False,Wind Farm C
sensor_85,"average,maximum,minimum,std_dev",Motor current water cooler fan 3,A,False,False,False,False,Wind Farm C
sensor_86,"average,maximum,minimum,std_dev",Motor current water cooler fan 4,A,False,False,False,False,Wind Farm C
sensor_87,"average,maximum,minimum,std_dev",Motor current gear oil pump A,A,False,False,False,False,Wind Farm C
sensor_88,"average,maximum,minimum,std_dev",Motor current gear oil pump B,A,False,False,False,False,Wind Farm C
sensor_89,"average,maximum,minimum,std_dev",Motor current gear oil pump C,A,False,False,False,False,Wind Farm C
sensor_90,"maximum,minimum,std_dev,average",Nacelle vibration longitudinal 1,m/s^2,False,False,False,False,Wind Farm C
sensor_91,"average,maximum,minimum,std_dev",Nacelle vibration longitudinal 2,m/s^2,False,False,False,False,Wind Farm C
sensor_92,"average,minimum,std_dev,maximum",Nacelle vibration transverse 1,m/s^2,False,False,False,False,Wind Farm C
sensor_93,"average,maximum,minimum,std_dev",Nacelle vibration transverse 2,m/s^2,False,False,False,False,Wind Farm C
sensor_94,"average,maximum,minimum,std_dev",gearbox oil level,L,False,False,False,False,Wind Farm C
sensor_95,"average,minimum,std_dev,maximum",Pollution indicator filter pump 1,bar,False,False,False,False,Wind Farm C
sensor_96,"std_dev,average,minimum,maximum",Pollution indicator filter pump 2,bar,False,False,False,False,Wind Farm C
sensor_97,"std_dev,average,maximum,minimum",Pollution indicator gearbox filter A,bar,False,False,False,False,Wind Farm C
sensor_98,"std_dev,average,minimum,maximum",Pollution indicator gearbox filter B,bar,False,False,False,False,Wind Farm C
sensor_99,"average,std_dev,maximum,minimum",Pollution indicator gearbox filter C,bar,False,False,False,False,Wind Farm C
sensor_100,"average,minimum,std_dev,maximum",Position motor axis 1,deg,True,False,True,False,Wind Farm C
sensor_101,"average,minimum,maximum,std_dev",Position motor axis 2,deg,True,False,True,False,Wind Farm C
sensor_102,"average,std_dev,minimum,maximum",Position motor axis 3,deg,True,False,True,False,Wind Farm C
sensor_103,"maximum,std_dev,average,minimum",Position rotor blade axis 1,deg,True,False,True,False,Wind Farm C
sensor_104,"average,maximum,std_dev,minimum",Position rotor blade axis 2,deg,True,False,True,False,Wind Farm C
sensor_105,"average,maximum,std_dev,minimum",Position rotor blade axis 3,deg,True,False,True,False,Wind Farm C
sensor_106,"average,maximum,minimum,std_dev",RM position bypass valve gearbox radiator,%,False,False,False,False,Wind Farm C
sensor_107,"average,maximum,minimum,std_dev",Internal consumption,kW,False,False,False,False,Wind Farm C
sensor_108,"average,maximum,minimum,std_dev",Internal consumption power L1,kW,False,False,False,False,Wind Farm C
sensor_109,"average,maximum,minimum,std_dev",Pressure difference aeration 1st filter stage 1,Pa,False,False,False,False,Wind Farm C
sensor_110,"average,maximum,minimum,std_dev",Pressure difference aeration 1st filter stage 2,Pa,False,False,False,False,Wind Farm C
sensor_111,"average,maximum,minimum,std_dev",Pressure difference aeration 2nd filter stage A 1,Pa,False,False,False,False,Wind Farm C
sensor_112,"average,maximum,minimum,std_dev",Pressure difference aeration 2nd filter stage A 2,Pa,False,False,False,False,Wind Farm C
sensor_113,"average,maximum,minimum,std_dev",Pressure difference aeration 2nd filter stage B 1,Pa,False,False,False,False,Wind Farm C
sensor_114,"average,maximum,minimum,std_dev",Pressure difference aeration 2nd filter stage B 2,Pa,False,False,False,False,Wind Farm C
sensor_115,"average,maximum,minimum,std_dev",Pressure difference spinner 1,Pa,False,False,False,False,Wind Farm C
sensor_116,"average,maximum,minimum,std_dev",Pressure difference spinner 2,Pa,False,False,False,False,Wind Farm C
sensor_117,"average,minimum,std_dev,maximum",Gearbox oil pressure input 1,bar,False,False,False,False,Wind Farm C
sensor_118,"average,maximum,std_dev,minimum",Gearbox oil pressure input 2,bar,False,False,False,False,Wind Farm C
reactive_power_119,"maximum,minimum,std_dev,average",ABB-LS Reactive Power,kvar,False,False,False,False,Wind Farm C
reactive_power_120,"average,std_dev,maximum,minimum",Reactive power converter,kvar,False,False,False,False,Wind Farm C
reactive_power_121,"maximum,std_dev,average,minimum",Reactive power GS converter,kvar,False,False,False,False,Wind Farm C
reactive_power_122,"maximum,std_dev,average,minimum",Reactive power HV grid,kvar,False,False,False,False,Wind Farm C
sensor_123,"maximum,average,std_dev,minimum",Relative wind direction 1+2,deg,True,False,True,False,Wind Farm C
sensor_124,"average,std_dev,minimum,maximum",Relative wind direction Yaw,deg,True,False,True,False,Wind Farm C
sensor_125,"average,minimum,std_dev,maximum",Relative wind direction 1,deg,True,False,True,False,Wind Farm C
sensor_126,"average,std_dev,minimum,maximum",Relative wind direction 2,deg,True,False,True,False,Wind Farm C
sensor_127,"average,maximum,minimum,std_dev",RMS current phase 1 HV grid,A,False,False,False,False,Wind Farm C
sensor_128,"average,maximum,minimum,std_dev",RMS current phase 2 HV grid,A,False,False,False,False,Wind Farm C
sensor_129,"average,maximum,std_dev,minimum",RMS current phase 3 HV grid,A,False,False,False,False,Wind Farm C
sensor_130,"average,maximum,std_dev,minimum",Generator RMS current L1,A,False,False,False,False,Wind Farm C
sensor_131,"average,maximum,minimum,std_dev",Generator RMS current L2,A,False,False,False,False,Wind Farm C
sensor_132,"maximum,minimum,std_dev,average",Generator RMS current L3,A,False,False,False,False,Wind Farm C
sensor_133,"average,maximum,minimum,std_dev",RMS line to line current axis 1,A,False,False,False,False,Wind Farm C
sensor_134,"average,maximum,minimum,std_dev",RMS line to line current axis 2,A,False,False,False,False,Wind Farm C
sensor_135,"maximum,average,minimum,std_dev",RMS line to line current axis 3,A,False,False,False,False,Wind Farm C
sensor_136,"average,minimum,maximum,std_dev",Generator RMS voltage L1-L2,V,False,False,False,False,Wind Farm C
sensor_137,"average,maximum,std_dev,minimum",Generator RMS voltage L2-L3,V,False,False,False,False,Wind Farm C
sensor_138,"average,maximum,minimum,std_dev",Generator RMS voltage L3-L1,V,False,False,False,False,Wind Farm C
sensor_139,"maximum,std_dev,minimum,average",RMS voltage phase 1 HV grid,V,False,False,False,False,Wind Farm C
sensor_140,"average,maximum,minimum,std_dev",RMS voltage phase 2 HV grid,V,False,False,False,False,Wind Farm C
sensor_141,"average,maximum,minimum,std_dev",RMS voltage phase 3 HV grid,V,False,False,False,False,Wind Farm C
sensor_142,"average,maximum,minimum,std_dev",Rotational speed aerator A,Hz,False,False,False,False,Wind Farm C
sensor_143,"average,maximum,minimum,std_dev",Rotational speed aerator B,Hz,False,False,False,False,Wind Farm C
sensor_144,"average,maximum,minimum,std_dev",Rotor speed 1,1/min,False,False,False,False,Wind Farm C
sensor_145,"average,maximum,minimum,std_dev",Rotor speed 2,1/min,False,False,False,False,Wind Farm C
sensor_146,"minimum,std_dev,maximum,average",Rotor speed gearbox main shaft 1,1/min,False,False,False,False,Wind Farm C
sensor_147,"maximum,minimum,std_dev,average",Rotor speed gearbox main shaft 2,1/min,False,False,False,False,Wind Farm C
sensor_148,"maximum,minimum,std_dev,average",RPM motor axis 1,1/min,False,False,False,False,Wind Farm C
sensor_149,"maximum,minimum,std_dev,average",RPM motor axis 2,1/min,False,False,False,False,Wind Farm C
sensor_150,"minimum,std_dev,maximum,average",RPM motor axis 3,1/min,False,False,False,False,Wind Farm C
sensor_151,"maximum,minimum,std_dev,average",Temperature 1 planetary bearing A1,Celsius,False,False,False,False,Wind Farm C
sensor_152,"average,maximum,minimum,std_dev",Temperature 1 planetary bearing A2,Celsius,False,False,False,False,Wind Farm C
sensor_153,"average,maximum,minimum,std_dev",Temperature 1 planetary bearing B1,Celsius,False,False,False,False,Wind Farm C
sensor_154,"average,maximum,std_dev,minimum",Temperature 1 planetary bearing B2,Celsius,False,False,False,False,Wind Farm C
sensor_155,"maximum,minimum,std_dev,average",Temperature 1 planetary bearing C1,Celsius,False,False,False,False,Wind Farm C
sensor_156,"average,maximum,minimum,std_dev",Temperature 1 planetary bearing C2,Celsius,False,False,False,False,Wind Farm C
sensor_157,"average,maximum,minimum,std_dev",Temperature 1 planetary bearing D1,Celsius,False,False,False,False,Wind Farm C
sensor_158,"average,minimum,std_dev,maximum",Temperature 1 planetary bearing D2,Celsius,False,False,False,False,Wind Farm C
sensor_159,"average,maximum,minimum,std_dev",Temperature 2 planetary bearing A1,Celsius,False,False,False,False,Wind Farm C
sensor_160,"average,maximum,minimum,std_dev",Temperature 2 planetary bearing A2,Celsius,False,False,False,False,Wind Farm C
sensor_161,"average,maximum,minimum,std_dev",Temperature 2 planetary bearing B1,Celsius,False,False,False,False,Wind Farm C
sensor_162,"average,maximum,minimum,std_dev",Temperature 2 planetary bearing B2,Celsius,False,False,False,False,Wind Farm C
sensor_163,"maximum,minimum,average,std_dev",Temperature 2 planetary bearing C1,Celsius,False,False,False,False,Wind Farm C
sensor_164,"average,maximum,minimum,std_dev",Temperature 2 planetary bearing C2,Celsius,False,False,False,False,Wind Farm C
sensor_165,"average,maximum,std_dev,minimum",Temperature 2 planetary bearing D1,Celsius,False,False,False,False,Wind Farm C
sensor_166,"average,maximum,minimum,std_dev",Temperature 2 planetary bearing D2,Celsius,False,False,False,False,Wind Farm C
sensor_167,"average,std_dev,minimum,maximum",Air temp. transformer container,Celsius,False,False,False,False,Wind Farm C
sensor_168,"maximum,std_dev,minimum,average",Temperature of axial bearing 1,Celsius,False,False,False,False,Wind Farm C
sensor_169,"average,maximum,minimum,std_dev",Temperature of axial bearing 2,Celsius,False,False,False,False,Wind Farm C
sensor_170,"average,maximum,std_dev,minimum",Control box temperature,Celsius,False,False,False,False,Wind Farm C
sensor_171,"average,maximum,std_dev,minimum",Temperature converter room,Celsius,False,False,False,False,Wind Farm C
sensor_172,"average,maximum,std_dev,minimum",Converter cabinet temperature,Celsius,False,False,False,False,Wind Farm C
sensor_173,"maximum,average,std_dev,minimum",Generator temperature 1 cooling air inlet,Celsius,False,False,False,False,Wind Farm C
sensor_174,"minimum,std_dev,average,maximum",Generator temperature 2 cooling air inlet,Celsius,False,False,False,False,Wind Farm C
sensor_175,"average,minimum,std_dev,maximum",Axis 3 cooling element temperature,Celsius,False,False,False,False,Wind Farm C
sensor_176,"average,maximum,minimum,std_dev",Temperature cooling air exit,Celsius,False,False,False,False,Wind Farm C
sensor_177,"average,maximum,minimum,std_dev",Outside temperature,Celsius,False,False,False,False,Wind Farm C
sensor_178,"average,maximum,minimum,std_dev",Hydraulic oil tank temperature 1,Celsius,False,False,False,False,Wind Farm C
sensor_179,"average,maximum,minimum,std_dev",Hydraulic oil tank temperature 2,Celsius,False,False,False,False,Wind Farm C
sensor_180,"average,maximum,std_dev,minimum",Axis1 Motor temperature KTY84,Celsius,False,False,False,False,Wind Farm C
sensor_181,"average,maximum,std_dev,minimum",Axis2 Motor temperature KTY84,Celsius,False,False,False,False,Wind Farm C
sensor_182,"std_dev,average,minimum,maximum",Axis3 Motor temperature KTY84,Celsius,False,False,False,False,Wind Farm C
sensor_183,"average,minimum,std_dev,maximum",Axis 1 Motor temperature PT100,Celsius,False,False,False,False,Wind Farm C
sensor_184,"minimum,std_dev,average,maximum",Axis 2 Motor temperature PT100,Celsius,False,False,False,False,Wind Farm C
sensor_185,"minimum,std_dev,average,maximum",Axis 3 Motor temperature PT100,Celsius,False,False,False,False,Wind Farm C
sensor_186,"maximum,minimum,std_dev,average",Gearbox oil temperature 1 ,Celsius,False,False,False,False,Wind Farm C
sensor_187,"average,maximum,minimum,std_dev",Gearbox oil temperature 2,Celsius,False,False,False,False,Wind Farm C
sensor_188,"average,maximum,minimum,std_dev",Oil temperature EB transformer,Celsius,False,False,False,False,Wind Farm C
sensor_189,"average,maximum,minimum,std_dev",Gearbox oil inlet temperature 1,Celsius,False,False,False,False,Wind Farm C
sensor_190,"average,maximum,minimum,std_dev",Gearbox oil inlet temperature 2,Celsius,False,False,False,False,Wind Farm C
sensor_191,"maximum,minimum,average,std_dev",Oil temperature 1 main transformer,Celsius,False,False,False,False,Wind Farm C
sensor_192,"minimum,maximum,average,std_dev",Oil temperature 2 main transformer,Celsius,False,False,False,False,Wind Farm C
sensor_193,"maximum,minimum,std_dev,average",Temperature platform TBC200,Celsius,False,False,False,False,Wind Farm C
sensor_194,"maximum,minimum,std_dev,average",Axis 1 Rotor bearing inner ring temperature,Celsius,False,False,False,False,Wind Farm C
sensor_195,"maximum,minimum,std_dev,average",Axis 2 Rotor bearing inner ring temperature,Celsius,False,False,False,False,Wind Farm C
sensor_196,"maximum,minimum,std_dev,average",Rotor bearing temperature 1,Celsius,False,False,False,False,Wind Farm C
sensor_197,"maximum,minimum,std_dev,average",Rotor bearing temperature 2,Celsius,False,False,False,False,Wind Farm C
sensor_198,"maximum,minimum,std_dev,average",Rotor bearing temperature 3,Celsius,False,False,False,False,Wind Farm C
sensor_199,"maximum,minimum,std_dev,average",Temperature of stator winding U1,Celsius,False,False,False,False,Wind Farm C
sensor_200,"maximum,minimum,average,std_dev",Temperature of stator winding U2,Celsius,False,False,False,False,Wind Farm C
sensor_201,"maximum,minimum,average,std_dev",Temperature of stator winding V1,Celsius,False,False,False,False,Wind Farm C
sensor_202,"average,maximum,minimum,std_dev",Temperature of stator winding V2,Celsius,False,False,False,False,Wind Farm C
sensor_203,"average,minimum,maximum,std_dev",Temperature of stator winding W1,Celsius,False,False,False,False,Wind Farm C
sensor_204,"average,maximum,minimum,std_dev",Temperature of stator winding W2,Celsius,False,False,False,False,Wind Farm C
sensor_205,"average,minimum,std_dev,maximum",Temperature electrical cabinet ,Celsius,False,False,False,False,Wind Farm C
sensor_206,"average,maximum,minimum,std_dev",Temperature electrical cabinet 1,Celsius,False,False,False,False,Wind Farm C
sensor_207,"average,maximum,minimum,std_dev",Temperature electrical cabinet 2,Celsius,False,False,False,False,Wind Farm C
sensor_208,"minimum,std_dev,average,maximum",Axis 1 cooling element temperature,Celsius,False,False,False,False,Wind Farm C
sensor_209,"minimum,std_dev,maximum,average",Axis 2 cooling element temperature,Celsius,False,False,False,False,Wind Farm C
sensor_210,"maximum,minimum,std_dev,average",Electrical cabinet temperature 3/4,Celsius,False,False,False,False,Wind Farm C
sensor_211,"maximum,minimum,average,std_dev",Trigger bypass valve gearbox,%,False,False,False,False,Wind Farm C
sensor_212,"maximum,std_dev,average,minimum",24VDC power pack 1,V,False,False,False,False,Wind Farm C
sensor_213,"average,maximum,minimum,std_dev",24VDC power pack 2,V,False,False,False,False,Wind Farm C
sensor_214,"maximum,average,minimum,std_dev",Axis 1 voltage 1 battery 100%,V,False,False,False,False,Wind Farm C
sensor_215,"maximum,average,minimum,std_dev",Axis 2 Voltage 1 battery 100%,V,False,False,False,False,Wind Farm C
sensor_216,"maximum,std_dev,minimum,average",Axis 3 Voltage 1 battery 100%,V,False,False,False,False,Wind Farm C
sensor_217,"maximum,std_dev,average,minimum",Voltage 24 VDC hub,V,False,False,False,False,Wind Farm C
sensor_218,"maximum,std_dev,minimum,average",Voltage 24 VDC nacelle,V,False,False,False,False,Wind Farm C
sensor_219,"maximum,std_dev,average,minimum",Axis 1 Voltage 2 Battery 100%,V,False,False,False,False,Wind Farm C
sensor_220,"maximum,std_dev,minimum,average",Axis 2 Voltage 2 Battery 100%,V,False,False,False,False,Wind Farm C
sensor_221,"maximum,std_dev,average,minimum",Axis 3 voltage 2 battery 100%,V,False,False,False,False,Wind Farm C
sensor_222,"average,maximum,minimum,std_dev",Axis 1 Voltage battery 50%,V,False,False,False,False,Wind Farm C
sensor_223,"average,maximum,minimum,std_dev",Axis 2 Voltage battery 50%,V,False,False,False,False,Wind Farm C
sensor_224,"average,maximum,minimum,std_dev",Axis 3 Voltage battery 50%,V,False,False,False,False,Wind Farm C
sensor_225,"average,maximum,minimum,std_dev",Water conductivity QIT1,DL,False,False,False,False,Wind Farm C
sensor_226,"average,maximum,minimum,std_dev",Water pressure PT1,bar,False,False,False,False,Wind Farm C
sensor_227,"average,maximum,minimum,std_dev",Water pressure PT2,bar,False,False,False,False,Wind Farm C
sensor_228,"average,maximum,minimum,std_dev",Cooling water temp. generator inlet 1,Celsius,False,False,False,False,Wind Farm C
sensor_229,"average,minimum,std_dev,maximum",Cooling water temp. generator inlet 2,Celsius,False,False,False,False,Wind Farm C
sensor_230,"average,minimum,std_dev,maximum",Water flow,DL,False,False,False,False,Wind Farm C
sensor_231,"average,minimum,std_dev,maximum",Water pressure 1 cooling system,bar,False,False,False,False,Wind Farm C
sensor_232,"average,minimum,std_dev,maximum",Water pressure 2 cooling system,bar,False,False,False,False,Wind Farm C
sensor_233,"average,maximum,minimum,std_dev",Cooling water temp. generator outlet 1,Celsius,False,False,False,False,Wind Farm C
sensor_234,"average,maximum,minimum,std_dev",Cooling water temp. generator outlet 2,Celsius,False,False,False,False,Wind Farm C
wind_speed_235,"average,maximum,minimum,std_dev",Wind speed 1,m/s,False,False,False,False,Wind Farm C
wind_speed_236,"average,maximum,minimum,std_dev",Wind speed 1+2,m/s,False,False,False,False,Wind Farm C
wind_speed_237,"average,minimum,std_dev,maximum",Wind speed 2,m/s,False,False,False,False,Wind Farm C
